Word,Count
credit card,18
bajaj please,2
please wait,3
wait fetching,2
loan account,3
buy online,9
smartphones on,4
on zero,20
zero down,18
contact us,11
on shop,3
travel on,4
on no,7
no cost,24
home business,2
business loans,3
loans for,4
for chartered,19
loan for,40
for loan,3
loan against,36
card credit,4
two wheeler,5
home insurance,5
pocket insurance,3
bajaj finserv,13
bajaj finance,14
finance bajaj,3
bajaj housing,2
housing finance,3
emi network,34
network online,2
emi store,4
store online,2
online mobiles,24
mobiles on,22
on emi,283
emi laptops,22
laptops on,26
emi led,22
led tvs,30
tvs on,30
emi acs,23
acs on,23
emi refrigerators,23
refrigerators on,26
emi washing,23
washing machines,27
machines on,26
emi bicycles,23
bicycles on,23
emi music,23
music instrument,23
instrument on,23
emi mattress,23
mattress on,23
emi fitness,24
fitness equipment,24
equipment on,23
emi smart,23
smart watches,23
watches on,23
emi modular,23
modular kitchen,24
kitchen on,23
emi loan,5
card offers,2
offers view,2
view all,3
all your,4
your offers,2
personal loan,32
loan get,7
get it,24
it now,20
now credit,3
card get,7
now business,4
business loan,17
now home,7
home loan,20
doctor loan,2
chartered accountant,4
accountant loan,2
rental deposit,4
deposit loan,6
now insurance,2
insurance offer,4
now emi,6
network get,4
shopping assistant,2
against car,4
car loan,6
loan balance,11
balance transfer,10
emi card,11
now online,2
loan apply,11
apply now,69
now personal,3
loan personal,2
loan check,3
check offer,12
offer apply,9
transfer top,2
top up,2
up loan,2
loan loan,12
insurance subscriptions,5
subscriptions property,3
property searches,3
against property,22
property apply,3
now mortgage,2
mortgage loan,4
property eligibility,3
eligibility reviews,2
reviews education,2
education loan,2
loan on,4
on property,4
gold loan,16
now gold,5
loan interest,6
interest rate,13
rate gold,4
loan eligibility,9
eligibility faqs,4
insurance apply,9
now health,3
health insurance,4
insurance life,3
life insurance,5
insurance motor,3
motor insurance,3
insurance home,3
insurance emi,3
network check,3
check pre,3
pre approved,4
approved offer,3
offer how,2
how to,10
to apply,12
apply emi,4
network card,13
card emi,4
other secured,2
secured loans,2
against fixed,3
fixed deposit,14
offer insurance,3
invest now,3
fixed deposits,2
mutual funds,3
demat account,5
credit cards,2
card contact,2
contact details,2
for doctors,19
doctors check,3
doctors personal,2
doctors business,4
doctors loan,4
property for,8
doctors insurance,3
chartered accountants,18
accountants check,3
accountants personal,2
accountants business,5
accountants loan,4
wallet apply,3
now insta,3
insta credit,7
credit product,3
product information,27
information reviews,4
reviews contact,4
us value,2
value added,4
added services,4
services extended,4
extended warranty,6
warranty financial,3
financial fitness,3
fitness report,3
loan business,2
for self,2
self employed,2
term loan,3
finance loan,3
card offer,2
offer product,3
product info,2
info how,2
apply contact,2
loan home,4
faqs investment,2
investment fixed,2
deposit mutual,2
funds online,2
online trading,5
insurance medical,2
medical equipment,2
equipment finance,2
car now,2
now product,17
information car,2
transfer now,2
information wallet,2
report asset,2
asset care,2
offer for,3
faqs home,2
against shares,2
offer personal,3
loan emi,6
emi calculator,4
calculator personal,2
eligibility calculator,3
flexi personal,2
loan faqs,3
faqs contact,2
doctors apply,2
now offer,4
transfer and,3
information faqs,7
faqs reviews,4
faqs loan,2
now loan,4
eligibility loan,2
interest rates,3
property calculator,2
calculator home,2
now features,4
features and,6
and benefits,5
deposit calculator,2
calculator fd,2
partner portal,3
our fixed,2
deposit partner,2
systematic deposit,2
deposit plan,2
of credit,2
supercard platinum,9
platinum choice,2
choice supercard,2
platinum plus,2
plus supercard,4
supercard world,2
finserv health,5
health app,2
apply for,4
for health,2
health emi,8
trading online,2
account apply,3
demat and,6
and trading,6
trading account,6
account how,2
to open,4
open demat,5
eligibility and,3
and documents,3
fees and,4
and charges,3
what is,2
car insurance,2
third party,4
plan apply,4
wheeler insurance,2
add on,2
know more,34
best selling,2
protection cover,4
wallet care,3
key safeguard,2
eyewear assure,2
price protection,2
fraudulent charges,2
cover view,3
view more,4
domestic holiday,3
washing machine,8
all products,4
existing customers,2
free cibil,2
cibil score,3
app wallet,2
shop on,4
emi offers,4
cost emi,5
a wish,11
our partners,8
emi air,2
air conditioners,3
haier hitachi,2
hitachi lg,2
lg lloyd,3
lloyd onida,3
haier lg,2
kitchen appliances,3
apollo hospitals,2
hospitals ruby,2
ruby hall,2
hall clinic,2
benefits eligibility,2
reviews and,2
and ratings,2
shop online,5
terms and,32
and conditions,25
emi health,2
flipkart amazon,2
my trip,3
ease my,2
offers on,5
appliances hot,2
hot offers,7
offers store,9
store locator,8
appliances on,2
air coolers,2
water purifier,2
wish online,6
online led,2
mobile phone,2
smartphones and,2
and laptops,2
mobile phones,2
emi book,2
book flight,2
flight tickets,2
tickets on,4
on makemytrip,12
makemytrip yatra,12
yatra goibibo,12
goibibo hotel,2
hotel booking,2
booking on,4
goibibo book,4
book train,2
train tickets,2
goibibo a,2
wish book,2
book bus,2
bus ticket,2
ticket on,2
goibibo cab,2
cab booking,2
book holidays,2
holidays on,2
goibibo online,2
fashion on,2
zero downpayment,3
mobiles under,5
under mobiles,4
hot deals,2
laptop under,3
under laptop,2
processor laptops,2
tv under,3
under tv,2
automatic washing,2
load washing,2
finserv limited,2
finance limited,6
finserv direct,2
financial securities,2
allianz life,2
allianz general,2
portal partner,2
emi in,2
for any,9
may be,8
be closed,2
you to,3
of all,2
you are,2
to bajaj,2
details to,2
a emi,2
now please,2
please enter,3
enter your,3
your date,6
date of,19
product of,2
please select,8
lap balance,3
property loan,3
demat trading,4
credit health,4
assured cashback,3
cashback emi,2
your emi,11
card number,2
number and,2
and shop,2
online across,6
across our,6
partners mmt,4
mmt etc,6
etc with,6
with your,9
network view,2
view card,2
card know,4
know assured,2
cashback on,4
on your,2
network shop,2
partners like,2
like mmt,2
know wallet,2
wallet coverage,3
coverage upto,27
upto valid,24
valid for,31
for days,24
days buy,24
buy now,30
now know,30
holiday coverage,2
valid upto,2
upto buy,2
more pilgrimage,2
pilgrimage coverage,2
for buy,5
more road,2
road trip,2
trip coverage,2
upto rs,2
rs valid,2
more trek,2
trek coverage,2
more key,2
key benefits,2
benefits up,4
up to,16
to valid,5
buy know,2
eyewear benefits,2
as per,3
protection coverage,3
more personal,2
personal trip,2
more credit,2
credit interest,2
interest free,2
free personal,2
on easy,3
call back,2
back apply,2
apply supercard,3
supercard split,2
split and,2
and convert,2
convert your,5
your purchase,2
purchase into,2
into monthly,2
monthly instalments,2
instalments multiple,2
multiple tenure,2
tenure apply,2
bonus rewards,2
rewards bonus,2
bonus reward,2
reward points,3
points to,2
to pay,5
pay down,2
down payment,6
payment visit,2
visit bajaj,2
bajaj partner,2
partner store,2
store to,2
to redeem,2
redeem know,2
know cashback,4
cashback offer,2
offer on,2
shop electronics,2
electronics with,2
your supercard,3
supercard get,2
get cashback,2
on down,2
down know,2
secured credit,4
credit by,2
by clicking,5
clicking on,2
on apply,2
apply you,2
you agree,3
agree to,6
open a,2
a minimum,2
minimum fd,4
fd investment,2
investment annual,2
annual fee,2
fee of,2
of apply,5
hl balance,2
balance dedicated,2
dedicated relationship,2
relationship online,2
online account,2
apply call,4
balance affordable,2
affordable interest,2
interest minimal,2
minimal apply,4
money in,13
in bank,13
bank in,10
in minimal,4
mobiles and,3
and led,3
free home,17
home delivery,17
delivery no,17
cost buy,9
buy on,2
tenor up,3
call now,4
home property,2
property please,2
please please,2
select property,4
property propery,2
property down,2
no please,2
when are,2
are you,2
you buying,2
buying the,2
the please,2
select loan,2
loan amount,6
amount enter,2
enter loan,2
loan type,2
type of,6
of property,2
select type,4
of commercial,2
of interest,4
rate starting,5
starting emi,3
emi as,3
as low,5
low as,5
as rs,3
rs per,3
per apply,2
now call,2
digital health,2
now at,2
at a,2
a starting,2
starting price,2
price of,2
of avail,2
avail medical,2
medical treatments,2
treatments at,2
at get,2
doctor only,2
only documents,4
documents flexible,6
flexible withdrawals,4
withdrawals and,4
and apply,2
book a,2
a fixed,2
deposit with,2
with rbl,2
rbl minimum,2
fd amount,2
amount of,3
business collateral,2
collateral free,2
free money,2
in apply,8
accountant only,2
flexi hybrid,2
hybrid loan,2
loan reduce,2
reduce your,2
your emis,2
emis by,2
by convert,2
your term,2
loan at,2
at same,2
same interest,2
interest emis,2
emis for,2
for initial,2
initial part,2
part of,6
of reduce,2
reduce my,2
personal up,2
to lakh,2
lakh money,2
apply please,3
please share,4
share your,9
your monthly,4
monthly salary,4
salary enter,4
enter valid,8
valid share,3
your city,3
city of,3
of residence,3
residence enter,3
enter select,3
select your,4
of birth,6
birth enter,4
valid date,4
of personal,2
health analyse,3
analyse your,3
your credit,5
credit improve,2
improve your,5
get your,3
sanction letter,2
loan approval,2
approval in,2
digital sanction,2
months apply,2
emi lite,10
lite your,2
your current,2
current consolidate,2
consolidate your,2
your loans,2
for all,2
products tenure,2
tenure no,2
no additional,2
additional documentation,2
documentation no,2
no processing,2
processing improve,2
credit new,2
new effective,2
effective proposed,2
proposed of,2
of i,2
i agree,2
to please,2
please get,2
it loan,2
invest in,4
in share,3
share open,3
trading paperless,3
paperless account,3
account know,3
more gold,2
starting as,2
as loan,3
loan up,2
to rs,2
rs lakh,2
lakh apply,3
cashback your,2
elite easy,2
easy online,2
online easy,2
easy apply,2
apply loan,4
against fastest,2
fastest disbursal,2
disbursal in,3
in just,3
just bundled,2
bundled insurance,2
against money,2
bank against,2
against your,2
your private,2
private car,2
car in,2
minimal documentation,2
documentation apply,2
apply car,2
and top,2
top get,2
get additional,2
additional get,2
get service,2
service at,2
at your,2
your door,2
door step,2
step apply,2
apply sale,2
sale buy,2
buy your,2
your favorite,2
favorite used,2
used quick,2
quick approval,2
approval and,2
and doorstep,2
doorstep servicess,2
servicess apply,2
loan is,2
is processed,2
processed within,2
within flexible,2
flexible loan,2
loan tenor,2
tenor of,2
of up,2
group active,2
active health,2
premium rs,8
rs no,2
no medical,2
medical test,2
test needed,2
get insta,2
instant no,2
no apply,2
apply home,2
now demat,2
trading invest,2
personal money,4
rate of,4
in get,2
your score,2
score get,2
cpp wallet,2
wallet sum,2
sum premium,3
rs single,4
single call,4
call to,4
to block,4
block lost,2
lost roadside,2
roadside know,2
know apply,11
now bajaj,4
bajaj allianz,7
allianz car,2
car cashless,2
cashless settlement,2
settlement at,2
at telephonic,2
telephonic service,2
service know,2
apply bajaj,2
allianz two,2
wheeler claim,2
claim settlement,2
settlement instant,2
instant claim,2
claim assistance,2
assistance know,2
now cpp,2
cpp liv,2
liv care,2
care sum,2
sum rs,5
rs premium,5
block all,2
your complementary,2
complementary life,2
life cover,2
cover for,2
now smartphones,3
down emi,14
emi starting,14
starting free,10
ac on,2
starting rs,4
rs free,4
air cooler,2
cooler on,2
payment free,2
cost emis,9
of your,3
to your,3
t c,2
no income,3
emis buy,8
property search,4
search in,4
choose from,2
from a,2
wide range,2
range of,3
of bajaj,2
finserv approved,2
approved search,2
search property,3
apply property,2
for no,2
income documents,2
flexible tenor,2
upgrade to,2
to the,20
on emis,7
emis starting,7
the latest,5
starting shop,2
shop for,2
for the,10
starting buy,3
buy the,2
for new,2
health sum,3
at the,8
the time,3
time of,3
apply max,2
max bupa,2
bupa health,2
rs hospital,2
hospital room,2
room upto,2
upto per,2
term and,4
customers shall,3
shall be,26
be given,2
will be,7
purpose of,2
of these,2
these terms,14
refers to,2
a loan,2
loan from,2
from bfl,4
during the,5
the offer,4
offer shall,2
shall mean,5
mean the,4
which are,4
with bfl,2
bfl and,5
and which,4
participating in,3
in this,4
this promotion,11
promotion and,3
in such,2
the products,4
products purchased,2
the under,2
under this,4
website at,3
the following,2
promotion is,8
is valid,2
for only,2
bfl regarding,2
regarding the,3
the said,2
bfl for,3
from the,14
pay the,3
the first,3
first equated,3
equated monthly,4
of the,48
the loan,12
the repayment,2
in the,20
the promotion,12
promotion by,2
mobile number,4
has been,3
specified by,2
eligible for,3
of a,3
a customer,3
avoidance of,2
it is,3
is hereby,2
hereby clarified,2
clarified that,2
customer is,3
of india,3
india and,2
and is,2
is not,6
not applicable,2
applicable in,3
in places,2
or on,3
cannot be,2
be made,2
made available,4
any reason,2
of this,2
and the,4
the rewards,4
the sole,2
sole discretion,3
discretion of,2
of bfl,6
and subject,2
subject to,6
without any,3
the customer,36
under any,3
any other,9
notwithstanding anything,2
and any,4
and all,2
to any,6
any third,3
and by,2
relating to,3
successful repayment,2
repayment of,4
on the,14
under the,3
by bfl,16
bfl to,6
the reward,2
days from,3
the date,7
the aforesaid,2
tax deducted,2
deducted at,2
to be,6
be solely,2
paid by,2
by the,17
the the,3
in respect,2
respect of,2
customer has,2
is subject,2
to this,2
is a,2
contained herein,2
the terms,13
conditions shall,3
be in,2
in addition,2
addition to,2
to and,2
and not,2
not in,2
conditions prescribed,2
prescribed by,2
as a,2
to provide,3
bfl is,3
or the,4
rewards provided,3
the customers,6
and will,3
will not,3
in relation,3
bfl shall,5
shall not,12
not be,6
be responsible,2
merchantability or,2
the fitness,2
fitness for,2
any purpose,2
or any,2
products or,5
or rewards,2
provided by,6
by third,2
at any,2
any time,2
liable for,5
suffered by,2
or in,3
the of,2
any communication,2
of any,5
or other,2
other promotional,2
the in,2
in case,3
case of,3
for availing,3
availing the,2
of its,3
its group,5
affiliates or,2
their respective,2
be liable,6
that may,3
or for,3
arising out,2
out of,2
services or,2
or delay,2
promotion or,2
due to,2
be governed,3
governed by,4
as may,3
in any,7
from time,9
time to,9
be deemed,3
be bound,4
bound by,4
conditions contained,2
required to,2
any further,2
deemed to,2
to have,2
purchase of,3
conditions for,2
but not,5
shall have,2
have the,2
the respective,2
the detailed,2
that the,2
read and,3
and understood,2
conditions and,3
by bajaj,3
limited and,2
collectively referred,2
the same,7
by providing,2
any of,4
receipt of,5
to bfl,7
the registered,3
registered mobile,2
clicking the,4
the webpage,2
shown upon,2
upon redirection,2
redirection from,2
the link,2
conditions mentioned,3
mentioned in,2
the otp,2
bfl on,4
condition by,2
by any,3
of products,3
into a,3
a personal,2
referred as,2
the emi,8
its sole,2
the request,3
request of,2
customer to,5
the existing,4
approved by,2
the outstanding,2
to a,2
a new,2
annualized rate,2
performance of,2
tenure of,2
the rate,2
emi of,4
within days,2
of such,2
customer shall,14
liable to,3
penal charges,2
charges including,3
charges and,2
payable by,7
other fees,2
charges as,3
as mentioned,2
the schedule,3
be stipulated,2
stipulated by,2
bfl from,4
to in,2
to time,4
time and,2
be binding,2
binding on,2
furnished by,2
due and,2
and payable,2
the amount,3
and shall,7
the receipt,2
the soa,2
payment of,2
bfl may,4
amount and,2
as part,2
customer under,2
under these,7
acceptable means,2
means of,2
of communication,2
any information,3
relation to,2
lite to,2
customer in,2
notification by,2
on its,2
on bajaj,2
such as,2
change in,4
in repayment,3
shall forthwith,2
shall keep,2
keep abreast,2
abreast with,2
with all,2
all notifications,2
notifications and,2
any changes,2
changes in,2
conditions on,2
on website,2
at and,2
same and,2
not dispute,2
dispute the,2
same in,2
any manner,4
the event,2
event of,3
of in,2
loan the,2
pay all,2
all charges,2
including the,2
the penal,2
penal as,2
as specified,2
specified in,2
schedule from,2
of default,5
default until,3
until the,3
of realization,2
realization by,2
bfl of,2
amount without,2
without prejudice,3
prejudice to,3
other rights,2
rights of,2
bfl under,2
without assigning,2
assigning any,2
upon the,2
bfl without,3
any delay,2
obligations under,2
all such,2
and execute,2
execute all,2
notice to,2
be entitled,2
entitled to,2
hereby expressly,2
its its,2
its business,2
business group,2
group to,2
to send,2
send me,2
insurance and,2
group companies,2
third parties,2
including but,3
not limited,4
limited to,4
my loan,2
to its,2
to perform,3
perform such,2
such activities,2
or through,2
of monthly,2
starting sept,4
sept view,4
view starting,2
accept the,2
the and,2
the button,3
entering the,2
sent by,2
agree that,2
by me,5
me and,3
information provided,2
and in,2
and that,2
that i,4
i have,2
confirm that,3
and i,2
the information,3
available by,3
business partners,2
contact me,2
schemes or,2
promotional schemes,2
offered by,2
understand and,2
that bajaj,2
finance shall,2
loan application,2
otp has,2
been sent,2
sent to,2
your mobile,2
new otp,2
watch now,9
now how,2
to reduce,2
reduce emi,2
smartphones under,2
under watch,2
which one,2
your august,2
for an,2
march ac,2
the best,3
best one,2
for your,4
buy this,2
ac models,2
to buy,2
an insta,2
insta emi,2
insurance insurance,6
insights loan,3
loan insights,3
calculator loan,5
calculator calculator,3
loan calculator,2
redirected to,2
to merchant,2
use of,2
respective merchant,4
merchant merchant,2
merchant may,2
may share,2
your transaction,2
transaction details,3
details with,2
button you,2
merchant app,4
the merchant,2
and services,2
app shall,2
bfl does,2
does not,2
not any,2
by merchant,2
taken up,2
up with,2
Word,Count
please wait fetching,2
smartphones on zero,3
on zero down,18
travel on no,4
on no cost,7
loan for loan,2
bajaj finance bajaj,2
finance bajaj housing,2
bajaj housing finance,2
emi network online,2
emi store online,2
store online mobiles,2
online mobiles on,22
mobiles on emi,22
on emi laptops,22
emi laptops on,22
laptops on emi,23
on emi led,22
emi led tvs,22
led tvs on,30
tvs on emi,23
on emi acs,23
emi acs on,23
acs on emi,23
on emi refrigerators,23
emi refrigerators on,23
refrigerators on emi,23
on emi washing,23
emi washing machines,23
washing machines on,26
machines on emi,23
on emi bicycles,23
emi bicycles on,23
bicycles on emi,23
on emi music,23
emi music instrument,23
music instrument on,23
instrument on emi,23
on emi mattress,23
emi mattress on,23
mattress on emi,23
on emi fitness,24
emi fitness equipment,24
fitness equipment on,23
equipment on emi,23
on emi smart,23
emi smart watches,23
smart watches on,23
watches on emi,23
on emi modular,23
emi modular kitchen,23
modular kitchen on,23
kitchen on emi,23
on emi loan,2
offers view all,2
view all your,2
all your offers,2
loan get it,6
get it now,20
it now credit,2
now credit card,3
credit card get,2
card get it,7
now business loan,2
now home loan,6
home loan get,2
rental deposit loan,2
it now emi,4
now emi network,2
emi network get,4
network get it,4
loan against car,3
car loan balance,5
loan balance transfer,10
now emi card,3
emi card get,2
it now online,2
now online mobiles,2
personal loan apply,2
loan apply now,11
apply now personal,3
now personal loan,3
loan personal loan,2
personal loan for,13
home loan check,2
loan check offer,3
check offer apply,9
offer apply now,9
apply now home,5
home loan balance,5
balance transfer top,2
transfer top up,2
top up loan,2
deposit loan apply,2
pocket insurance subscriptions,2
insurance subscriptions property,3
subscriptions property searches,3
loan against property,19
against property apply,3
property apply now,3
apply now mortgage,2
now mortgage loan,2
mortgage loan loan,2
loan loan against,5
against property eligibility,3
property eligibility reviews,2
eligibility reviews education,2
reviews education loan,2
education loan on,2
loan on property,4
gold loan apply,4
apply now gold,5
now gold loan,5
gold loan interest,5
loan interest rate,6
interest rate gold,4
rate gold loan,4
gold loan eligibility,4
loan eligibility faqs,4
insurance apply now,7
apply now health,2
now health insurance,2
health insurance life,3
insurance life insurance,3
life insurance motor,3
insurance motor insurance,3
motor insurance home,3
insurance home insurance,3
home insurance emi,2
insurance emi network,2
emi network check,3
network check pre,3
check pre approved,3
pre approved offer,3
approved offer how,2
offer how to,2
how to apply,6
to apply emi,3
apply emi network,3
emi network card,13
network card emi,3
card emi card,2
other secured loans,2
gold loan loan,2
loan against fixed,3
against fixed deposit,3
fixed deposit loan,2
deposit loan against,2
offer insurance offer,3
credit card credit,3
card credit card,3
credit card contact,2
card contact details,2
loan for doctors,14
for doctors check,3
doctors check offer,3
home loan for,4
for doctors personal,2
doctors personal loan,2
for doctors business,4
doctors business loan,4
business loan for,9
for doctors loan,4
doctors loan against,4
against property for,8
property for doctors,4
for doctors insurance,3
loan for chartered,14
for chartered accountants,18
chartered accountants check,3
accountants check offer,3
chartered accountants personal,2
accountants personal loan,2
chartered accountants business,5
accountants business loan,5
chartered accountants loan,4
accountants loan against,4
property for chartered,4
wallet apply now,3
apply now insta,3
now insta credit,3
insta credit product,3
credit product information,3
product information reviews,4
information reviews contact,4
reviews contact us,4
contact us value,2
us value added,2
value added services,4
added services extended,4
services extended warranty,4
extended warranty financial,3
warranty financial fitness,3
financial fitness report,3
apply now business,3
business loan against,3
loan business loan,2
loan for self,2
for self employed,2
finance loan against,2
credit card offer,2
card offer product,2
offer product info,2
product info how,2
info how to,2
to apply contact,2
apply contact us,2
home loan home,2
loan home loan,3
investment fixed deposit,2
fixed deposit mutual,2
deposit mutual funds,2
mutual funds online,2
funds online trading,2
doctors insurance medical,2
insurance medical equipment,2
medical equipment finance,2
equipment finance loan,2
against car now,2
car now product,2
now product information,17
product information car,2
balance transfer now,2
transfer now product,2
product information wallet,2
information wallet apply,2
fitness report asset,2
report asset care,2
offer personal loan,3
personal loan emi,2
loan emi calculator,3
calculator personal loan,2
loan eligibility calculator,3
flexi personal loan,2
faqs contact us,2
for doctors apply,2
doctors apply now,2
apply now offer,4
now offer personal,2
apply now product,12
product information faqs,7
apply now loan,3
now loan against,3
information faqs reviews,3
calculator home loan,2
invest now features,2
now features and,4
features and benefits,5
our fixed deposit,2
fixed deposit partner,2
systematic deposit plan,2
supercard platinum choice,2
platinum choice supercard,2
choice supercard platinum,2
supercard platinum plus,2
platinum plus supercard,2
bajaj finserv health,4
finserv health app,2
apply for health,2
for health emi,2
health emi card,2
demat and trading,6
and trading account,3
account how to,2
how to open,2
eligibility and documents,3
fees and charges,3
plan apply now,4
cover view more,3
free cibil score,2
on emi offers,4
network card get,3
no cost emi,5
on emi air,2
emi air conditioners,2
haier hitachi lg,2
lg lloyd onida,3
haier lg lloyd,2
hospitals ruby hall,2
ruby hall clinic,2
card emi network,2
apply now emi,2
and benefits eligibility,2
benefits eligibility and,2
reviews and ratings,2
terms and conditions,24
on emi health,2
emi health emi,2
health emi network,6
ease my trip,2
appliances hot offers,2
hot offers store,7
offers store locator,7
a wish online,6
online led tvs,2
wish online mobiles,5
smartphones and laptops,2
cost emi book,2
emi book flight,2
book flight tickets,2
flight tickets on,2
tickets on makemytrip,4
on makemytrip yatra,12
makemytrip yatra goibibo,12
yatra goibibo hotel,2
goibibo hotel booking,2
hotel booking on,2
booking on makemytrip,4
yatra goibibo book,4
goibibo book train,2
book train tickets,2
train tickets on,2
yatra goibibo a,2
goibibo a wish,2
a wish book,2
wish book bus,2
book bus ticket,2
bus ticket on,2
ticket on makemytrip,2
yatra goibibo cab,2
goibibo cab booking,2
cab booking on,2
goibibo book holidays,2
book holidays on,2
holidays on makemytrip,2
yatra goibibo online,2
goibibo online mobiles,2
fashion on emi,2
mobiles under mobiles,4
under mobiles under,4
laptop under laptop,2
under laptop under,2
tv under tv,2
under tv under,2
automatic washing machine,2
load washing machine,2
on zero downpayment,2
portal partner portal,2
personal loan home,2
apply now please,2
please enter your,2
your date of,6
property loan for,3
your emi card,2
emi card number,2
card number and,2
number and shop,2
and shop online,2
shop online across,4
online across our,6
across our partners,6
our partners mmt,4
partners mmt etc,4
mmt etc with,6
etc with your,6
with your emi,6
your emi network,9
emi network view,2
network view card,2
view card know,2
card know assured,2
know assured cashback,2
assured cashback on,2
cashback on your,2
emi network shop,2
our partners like,2
partners like mmt,2
like mmt etc,2
wallet coverage upto,3
coverage upto valid,24
upto valid for,22
valid for days,24
for days buy,24
days buy now,22
buy now know,30
now know more,30
domestic holiday coverage,2
holiday coverage upto,2
upto valid upto,2
valid upto buy,2
upto buy now,2
know more pilgrimage,2
more pilgrimage coverage,2
pilgrimage coverage upto,2
valid for buy,5
for buy now,5
know more road,2
more road trip,2
road trip coverage,2
trip coverage upto,2
coverage upto rs,2
upto rs valid,2
rs valid for,2
know more trek,2
more trek coverage,2
trek coverage upto,2
know more key,2
more key benefits,2
key benefits up,2
benefits up to,4
up to valid,5
to valid for,5
days buy know,2
buy know more,2
eyewear benefits up,2
protection coverage upto,3
know more personal,2
more personal trip,2
know more credit,2
credit interest free,2
interest free personal,2
shop on easy,2
call back apply,2
back apply supercard,2
apply supercard split,2
supercard split and,2
split and convert,2
and convert your,2
convert your purchase,2
your purchase into,2
purchase into monthly,2
into monthly instalments,2
monthly instalments multiple,2
instalments multiple tenure,2
multiple tenure apply,2
bonus rewards bonus,2
rewards bonus reward,2
bonus reward points,2
reward points to,2
points to pay,2
to pay down,2
pay down payment,2
down payment visit,2
payment visit bajaj,2
visit bajaj partner,2
bajaj partner store,2
partner store to,2
store to redeem,2
to redeem know,2
redeem know cashback,2
know cashback offer,2
cashback offer on,2
offer on shop,2
on shop electronics,2
shop electronics with,2
electronics with your,2
with your supercard,3
your supercard get,2
supercard get cashback,2
get cashback on,2
cashback on down,2
on down know,2
secured credit by,2
credit by clicking,2
by clicking on,2
clicking on apply,2
on apply you,2
apply you agree,2
you agree to,3
agree to open,2
to open a,2
open a minimum,2
a minimum fd,2
minimum fd investment,2
fd investment annual,2
investment annual fee,2
annual fee of,2
fee of apply,2
of apply now,5
hl balance dedicated,2
balance dedicated relationship,2
dedicated relationship online,2
relationship online account,2
online account apply,2
account apply call,2
lap balance affordable,2
balance affordable interest,2
affordable interest minimal,2
interest minimal apply,2
money in bank,13
in bank in,10
bank in minimal,2
in minimal apply,2
mobiles and led,3
and led tvs,3
tvs on zero,5
free home delivery,17
home delivery no,17
delivery no cost,17
no cost buy,9
buy on no,2
tenor up to,3
apply call now,2
home property please,2
property please please,2
please please select,2
please select property,4
select property propery,2
select property down,2
property down payment,2
when are you,2
are you buying,2
you buying the,2
buying the please,2
the please select,2
please select loan,2
select loan amount,2
loan amount enter,2
amount enter loan,2
enter loan type,2
loan type of,2
select type of,4
type of commercial,2
type of interest,2
of interest rate,2
interest rate starting,5
rate starting emi,3
starting emi as,3
emi as low,3
as low as,5
low as rs,3
as rs per,3
rs per apply,2
per apply now,2
apply now call,2
now call now,2
digital health emi,2
it now at,2
now at a,2
at a starting,2
a starting price,2
starting price of,2
price of avail,2
of avail medical,2
avail medical treatments,2
medical treatments at,2
treatments at get,2
at get it,2
doctor only documents,2
only documents flexible,4
documents flexible withdrawals,4
flexible withdrawals and,4
withdrawals and apply,2
book a fixed,2
a fixed deposit,2
fixed deposit with,2
deposit with rbl,2
with rbl minimum,2
rbl minimum fd,2
minimum fd amount,2
fd amount of,2
amount of apply,2
now business collateral,2
business collateral free,2
collateral free money,2
free money in,2
bank in apply,7
chartered accountant only,2
accountant only documents,2
flexi hybrid loan,2
hybrid loan reduce,2
loan reduce your,2
reduce your emis,2
your emis by,2
emis by convert,2
by convert your,2
convert your term,2
your term loan,2
term loan at,2
loan at same,2
at same interest,2
same interest emis,2
interest emis for,2
emis for initial,2
for initial part,2
initial part of,2
part of reduce,2
of reduce my,2
personal up to,2
up to lakh,2
to lakh money,2
lakh money in,2
in apply please,2
apply please share,3
please share your,4
share your monthly,4
your monthly salary,4
monthly salary enter,4
salary enter valid,4
enter valid share,3
valid share your,3
share your city,3
your city of,3
city of residence,3
of residence enter,3
residence enter select,3
enter select your,3
select your date,4
date of birth,6
of birth enter,4
birth enter valid,4
enter valid date,4
valid date of,4
date of personal,2
credit health analyse,3
health analyse your,3
analyse your credit,3
your credit improve,2
credit improve your,2
loan approval in,2
months apply now,2
emi lite your,2
lite your current,2
your current consolidate,2
current consolidate your,2
consolidate your loans,2
your loans for,2
loans for all,2
for all products,2
all products tenure,2
products tenure no,2
tenure no additional,2
no additional documentation,2
additional documentation no,2
documentation no processing,2
no processing improve,2
processing improve your,2
improve your credit,2
your credit new,2
credit new effective,2
new effective proposed,2
effective proposed of,2
proposed of i,2
of i agree,2
i agree to,2
agree to please,2
to please get,2
please get it,2
get it loan,2
invest in share,3
in share open,3
share open demat,3
open demat and,4
and trading paperless,3
trading paperless account,3
paperless account know,3
know more gold,2
rate starting as,2
starting as low,2
low as loan,2
as loan up,2
loan up to,2
up to rs,2
to rs lakh,2
rs lakh apply,2
lakh apply now,3
network card know,2
card know cashback,2
know cashback your,2
elite easy online,2
easy online easy,2
online easy apply,2
easy apply loan,2
apply loan against,2
loan against fastest,2
against fastest disbursal,2
fastest disbursal in,2
disbursal in just,2
in just bundled,2
just bundled insurance,2
bundled insurance apply,2
insurance apply call,2
loan against money,2
against money in,2
in bank against,2
bank against your,2
against your private,2
your private car,2
private car in,2
car in minimal,2
in minimal documentation,2
minimal documentation apply,2
documentation apply car,2
apply car loan,2
balance transfer and,2
transfer and top,2
and top get,2
top get additional,2
get additional get,2
additional get service,2
get service at,2
service at your,2
at your door,2
your door step,2
door step apply,2
step apply sale,2
apply sale buy,2
sale buy your,2
buy your favorite,2
your favorite used,2
favorite used quick,2
used quick approval,2
quick approval and,2
approval and doorstep,2
and doorstep servicess,2
doorstep servicess apply,2
apply loan is,2
loan is processed,2
is processed within,2
processed within flexible,2
within flexible loan,2
flexible loan tenor,2
loan tenor of,2
tenor of up,2
of up to,2
up to apply,4
group active health,2
no medical test,2
medical test needed,2
get insta credit,2
instant no apply,2
now demat trading,2
demat trading invest,2
trading invest in,2
personal money in,4
improve your score,2
your score get,2
score get your,2
cpp wallet sum,2
wallet sum premium,2
sum premium rs,3
premium rs single,4
rs single call,4
single call to,4
call to block,4
to block lost,2
block lost roadside,2
lost roadside know,2
roadside know apply,2
know apply now,6
apply now bajaj,3
now bajaj allianz,3
bajaj allianz car,2
allianz car cashless,2
car cashless settlement,2
cashless settlement at,2
settlement at telephonic,2
at telephonic service,2
telephonic service know,2
service know apply,2
know apply bajaj,2
apply bajaj allianz,2
bajaj allianz two,2
allianz two wheeler,2
two wheeler claim,2
wheeler claim settlement,2
claim settlement instant,2
settlement instant claim,2
instant claim assistance,2
claim assistance know,2
assistance know apply,2
apply now cpp,2
cpp liv care,2
liv care sum,2
care sum rs,2
sum rs premium,5
rs premium rs,4
to block all,2
block all your,2
all your complementary,2
your complementary life,2
complementary life cover,2
life cover for,2
zero down emi,14
down emi starting,14
emi starting free,10
starting free home,10
ac on zero,2
emi starting rs,4
starting rs free,4
rs free home,4
machines on zero,2
refrigerators on zero,2
air cooler on,2
cooler on zero,2
online mobiles and,2
zero down payment,2
down payment free,2
payment free home,2
no cost emis,9
cost emis buy,8
emis buy online,7
property search in,4
wide range of,2
bajaj finserv approved,2
finserv approved search,2
approved search property,2
search property search,3
apply property loan,2
loan for no,2
for no income,2
no income documents,2
income documents flexible,2
documents flexible tenor,2
flexible tenor up,2
upgrade to the,2
on emis starting,7
emis starting shop,2
starting shop for,2
emis starting buy,3
starting buy the,2
buy the latest,2
at the time,3
the time of,3
know apply max,2
apply max bupa,2
max bupa health,2
bupa health sum,2
health sum rs,2
premium rs hospital,2
rs hospital room,2
hospital room upto,2
room upto per,2
customers shall be,2
shall be given,2
of these terms,2
these terms and,14
a loan from,2
loan from bfl,2
during the offer,4
the offer shall,2
offer shall mean,2
shall mean the,4
and which are,2
participating in this,2
in this promotion,2
this promotion and,2
the products purchased,2
this promotion is,7
bfl regarding the,2
the first equated,2
first equated monthly,3
of the loan,7
in the promotion,3
the promotion by,2
for the promotion,2
it is hereby,2
is hereby clarified,2
hereby clarified that,2
of india and,2
promotion is not,3
is not applicable,2
not applicable in,2
be made available,2
of this promotion,2
at the sole,2
the sole discretion,2
sole discretion of,2
of bfl and,2
and subject to,2
and the customer,2
the customer is,2
to any third,2
successful repayment of,2
repayment of the,3
of the first,2
under the promotion,2
by bfl to,3
to the customer,4
days from the,3
from the date,5
the date of,7
of the aforesaid,2
tax deducted at,2
by the the,2
in respect of,2
respect of the,2
the customer has,2
is subject to,2
the terms and,12
of the customer,3
and conditions shall,3
conditions shall be,2
in addition to,2
to the terms,3
and conditions prescribed,2
conditions prescribed by,2
bfl to provide,3
of the products,2
or the rewards,2
and will not,2
bfl shall not,4
shall not be,4
merchantability or the,2
or the fitness,2
the fitness for,2
fitness for any,2
for any purpose,2
or any other,2
the products or,2
products or rewards,2
or rewards provided,2
rewards provided by,2
provided by third,2
at any time,2
liable for any,3
the of the,2
the in case,2
in case of,3
for availing the,2
of its group,2
not be liable,3
be liable for,3
that may be,3
arising out of,2
of the promotion,2
part of the,3
will not be,2
shall be governed,3
be governed by,3
governed by the,3
as may be,3
from time to,9
shall be deemed,3
to be bound,2
be bound by,4
bound by the,4
and conditions contained,2
be deemed to,2
deemed to have,2
and conditions for,2
shall have the,2
read and understood,2
and conditions and,3
by bajaj finance,3
bajaj finance limited,3
finance limited and,2
by the same,3
any of the,3
receipt of the,2
of the terms,3
the registered mobile,2
registered mobile number,2
by clicking the,3
on the webpage,2
shown upon redirection,2
upon redirection from,2
redirection from the,2
from the link,2
and conditions mentioned,3
mentioned in the,2
purchase of products,2
of products or,2
a personal loan,2
the emi lite,3
the request of,2
rate of interest,2
the rate of,2
emi of the,2
of the existing,2
the customer shall,13
customer shall be,6
shall be liable,3
be liable to,3
of the emi,3
payable by the,6
by the customer,7
the customer to,4
customer to bfl,3
other fees and,2
and charges as,2
in the schedule,3
charges as may,2
may be stipulated,2
be stipulated by,2
stipulated by bfl,2
by bfl from,3
bfl from time,2
to in the,2
time to time,4
to time and,2
shall be binding,2
be binding on,2
binding on the,2
the loan amount,4
furnished by bfl,2
due and payable,2
and payable by,2
of the amount,3
and shall be,4
the receipt of,2
of the soa,2
customer shall not,2
loan amount and,2
as part of,2
bfl from the,2
from the customer,2
the customer under,2
customer under these,2
under these terms,6
acceptable means of,2
in relation to,2
emi lite to,2
on the registered,2
the customer in,2
notification by bfl,2
by bfl on,3
on bajaj finserv,2
customer shall keep,2
shall keep abreast,2
keep abreast with,2
abreast with all,2
with all notifications,2
all notifications and,2
notifications and any,2
and any changes,2
any changes in,2
changes in the,2
in the terms,2
and conditions on,2
conditions on website,2
on website at,2
website at and,2
at and shall,2
shall be bound,2
the same and,2
same and shall,2
and shall not,2
shall not dispute,2
not dispute the,2
dispute the same,2
the same in,2
same in any,2
in any manner,4
in the event,2
the event of,2
event of in,2
of in repayment,2
in repayment of,2
the loan the,2
loan the customer,2
liable to pay,2
to pay all,2
pay all charges,2
all charges including,2
charges including the,2
including the penal,2
the penal as,2
penal as specified,2
as specified in,2
specified in the,2
the schedule from,2
schedule from the,2
date of default,3
of default until,3
default until the,3
until the date,2
date of realization,2
of realization by,2
realization by bfl,2
by bfl of,2
bfl of the,2
the amount without,2
amount without prejudice,2
without prejudice to,3
prejudice to any,2
to any other,2
any other rights,2
other rights of,2
rights of bfl,2
of bfl under,2
bfl under these,2
without assigning any,2
to bfl without,2
obligations under these,2
and execute all,2
notice to the,2
be entitled to,2
its its business,2
its business group,2
business group to,2
group to send,2
to send me,2
its group companies,2
including but not,3
but not limited,4
not limited to,4
to perform such,2
perform such activities,2
starting sept view,4
sept view starting,2
view starting sept,2
information provided by,2
provided by me,3
that i have,2
confirm that i,3
made available by,3
any third party,2
that bajaj finance,2
bajaj finance shall,2
otp has been,2
has been sent,2
been sent to,2
sent to your,2
to your mobile,2
watch now how,2
now how to,2
to apply for,3
to reduce emi,2
watch now smartphones,2
now smartphones under,2
smartphones under watch,2
under watch now,2
apply for an,2
the best one,2
an insta emi,2
loan loan loan,3
insurance insurance insurance,4
insights loan insights,3
loan emi loan,2
calculator loan calculator,2
redirected to merchant,2
use of the,2
merchant may share,2
may share your,2
share your transaction,2
your transaction details,2
transaction details with,2
clicking the button,2
the button you,2
merchant app shall,2
app shall be,2
bfl does not,2
does not any,2
taken up with,2
